Author,Comment,LikeCount,ReplyCount,neg,neu,pos,compound,Label
@tseries,"Arjan Vailly Ne, Paer Jod Ke Gandaasi MaariğŸ”¥ğŸ”¥ğŸ”¥ğŸ©¸",29705,501,0.0,1.0,0.0,0.0,Neutral
@LiberalHindu,Now this is the kind of great Punjabi music we grew up listening to... Playing on loop...,28766,201,0.0,0.728,0.272,0.6815,Positive
@Sriram-ve4ge,"As a Tamil, I never thought a Telugu director would make me interested in Punjabi music again after 15 years. This song is fireğŸ”¥",979,13,0.0,0.881,0.119,0.4019,Positive
@KarlRock,So cool to see Ranbir rocking a Chadra!,375,7,0.0,0.675,0.325,0.4376,Positive
@melodiouspratik,"I m Bengali, But i Truely Love Punjabis and their all sacrifices for country. This song is Dope and vibes makes goosebumps",323,6,0.0,0.756,0.244,0.7783,Positive
@ncgaming8059,As Punjabi this is first time I feel respected by Bollywood ğŸ˜Š,1092,19,0.0,0.744,0.256,0.4767,Positive
@dr.wanderlust,"Hailing from Tamil Nadu, I was pleasantly surprised that a director from the Telugu industry could beautifully incorporate a Punjabi song into his Hindi film. It's a wonderful fusion of cultures and histories, showcasing the diversity of our incredible nation, India. This experience highlighted the powerful impact of cinema when wielded with wisdom.",95,1,0.0,0.698,0.302,0.9559,Positive
@KiddoToonsHindi,This song is pure magic. It's been on repeat all day ğŸ˜ğŸ˜ğŸ˜ğŸ˜,5010,15,0.0,1.0,0.0,0.0,Neutral
@abhijeetudawant378,For so many years this gem of a Punjabi folk song was kept hidden from mainstream India now it's getting heard by the whole of India. Congratulations to Sandeep Reddy Vanga .,313,5,0.0,0.881,0.119,0.5994,Positive
@SweetLikeSugaGJ,"As a Sikh i feel happy Punjabi folk music is showed..
United ï‡®ï‡³ we stand against anything.",444,7,0.0,0.667,0.333,0.7579,Positive
@elnenedeldance,Soy de Argentina y estoy esforzÃ¡ndome para colaborar con estos grandes artistas ğŸ‡¦ğŸ‡·â¤,7,0,0.0,1.0,0.0,0.0,Neutral
@elnenedeldance,Soy Argentino y estoy esforzÃ¡ndome para colaborar con estos grandes artistas ğŸ‡¦ğŸ‡·ğŸ’Œ,21,1,0.0,1.0,0.0,0.0,Neutral
@elnenedeldance,Soy de Argentina y me estoy esforzando para colaborar con estos grandes artistas ğŸ‡¦ğŸ‡·ğŸ’›,32,1,0.0,1.0,0.0,0.0,Neutral
@elnenedeldance,Soy de Argentina y estoy esforzÃ¡ndome para colaborar con estos grandes artistas ğŸ‡¦ğŸ‡·â¤,38,3,0.0,1.0,0.0,0.0,Neutral
@kvsndkraja1,"This song will haunt for very long time. This kind of music deserves limelight, our own folk songs from our own culture. Irrespective of language, people from across the country showered their love for this song...",483,6,0.066,0.831,0.103,0.3612,Positive
@adityasinghjadoun6675,This song makes my blood boil and pumps my body full of adrenaline while im working out... The lyrics and beat is just so ferocious and primal!!!,2,0,0.095,0.905,0.0,-0.4102,Negative
@AKBMedia,Finally The Most Awaited Song Is Here ğŸ”¥ğŸ”¥ğŸ”¥ğŸ”¥,5717,41,0.166,0.834,0.0,-0.101,Neutral
@BollywoodMashupIndia,*This song is specially made for people who can't sleep   overthinking   and can't forgot movements  at night .....Gives goosebumps ğŸ˜ğŸ˜*,398,2,0.133,0.663,0.205,0.3384,Positive
@BollywoodMashupIndia,"<b>I am single, but when i hear this type of songs, than i feel i am in love. This is power of music.â¤</b>",10,0,0.133,0.663,0.205,0.3384,Positive
@BollywoodMashupIndia,<b>Fallen in love with this song. I so can relate to the movie as iam too a cancer patient so please everyone keep me in your prayers.</b>,2,1,0.133,0.663,0.205,0.3384,Positive
@elenakapralova8018,"I'm Russian and I recently saw this movie in the theater. It was a delightful song! My heart stopped and started  beating again. Thank you, India â¤",203,17,0.156,0.635,0.209,0.4003,Positive
@sri3771,I'm proud of you.... because this is done by my Telugu director...... Telugu people never forget our indian culture,420,11,0.0,0.781,0.219,0.5812,Positive
@MR11028,Iâ€™m a proud punjabi and an Indian ğŸ‡®ğŸ‡³â€¦ what a song well done vanga Saab,13,0,0.107,0.592,0.302,0.765,Positive
@MR11028,Sher jeha rob Jatt da â€¦ vi thalle rakhda police sarkaariâ€¦ hahaha litâ€¦ as a punjabi this song made me happy energetic and full of josh,5,0,0.107,0.592,0.302,0.765,Positive
@quasar6559,"For those who don't know Arjan Vaily , he was Arjan Singh Nalwa son of famed Sikh commander Hari Singh Nalwa of Sikh Empire. The warrior was known as Arjan Vaily . Arjan Singh Nalwa while fighting Brits in Anglo Sikh war when out of ammo , he along with other Khalsa army soldiers fought brits ferociously with hand axe( gandasa) . Another saga in the glorious brave history of Sikhs but not much told even to Indians. This is old Sikh folk song , people wouldn't even know this.",5015,143,0.08,0.845,0.075,0.128,Positive
@mjfan911,"guys, I'm tearing up. this is the punjabi music of my childhood. I had lost all hope in hindi music. but hats off to director who stood tall in his choice.
this is going to be an anthem for generations to come",309,1,0.039,0.915,0.046,0.0772,Positive
@kamalbajpai2729,Goosebumps ğŸ”¥ğŸ”¥ perfect scene with perfect song ğŸ’¯,207,2,0.0,0.403,0.597,0.8126,Positive
@patitadhanraj5477,"Such goosebumps comes whenever you hear this songs
Historical ğŸ™",3,0,0.0,1.0,0.0,0.0,Neutral
@rishavchopra7848,Finally someone in Bollywood who respected Punjabi folk music and created such a masterpiece...Huge props to Animal and it's team,5765,104,0.0,0.769,0.231,0.6249,Positive
@certifiedhoodclassic7833,"It's based on the Dhadi Vaar, war music created by Guru Gobind Singh Ji himself, during the Khalsa war against the Mughal Empire. Arjan vailly here is Arjan Singh Nalwa also known as Arjan vailly. Heard a lot of these in the Sikhli and punjab regiment",95,1,0.151,0.811,0.039,-0.7783,Negative
@TheBrainGuru,"This song and its meaning are reportedly connected to Sikh history.
The title â€œArjan Vaillyâ€ is a homage to Arjan Singh Nalva, the valiant son of ""Hari Singh Nalva"".Legend has it that Arjan Singh, also known as Arjan Vailly, 
continued his fatherâ€™s legacy of protecting Sikh states from the Britishers after Hari Singhâ€™s demise.",54,1,0.0,1.0,0.0,0.0,Neutral
@divyamsingh579,In love with regionalism we must not forget unity at country level ğŸ’¯ğŸ’¯ğŸ’¯,5,0,0.0,0.652,0.348,0.7065,Positive
@samidurai.1177,"I didn't understand a single meaning from this song. I am from Tamilnadu .when i listen this song, it  just pure  goosebumpsğŸ”¥ğŸ”¥ğŸ”¥ğŸ”¥ğŸ”¥ğŸ”¥..what a voice man and music hats off. I am addicted to this song.â¤ï¸â¤ï¸",79,2,0.0,1.0,0.0,0.0,Neutral
@Ranbirkapoorofficial..,THANKYOU GUYS FOR YOUR LOVE AND SUPPORT...KEEP ENJOYING!ğŸ’“,3,0,0.0,0.609,0.391,0.6696,Positive
@BalwinderSingh-xl1bm,Hats off to Sandeep Reddy for bringing Punjabi folk to mainstream.,2733,17,0.0,1.0,0.0,0.0,Neutral
@Karmazov,"This song gives me goosebumps and takes me back to the 18th and 19th century Punjab when Sikhs were fighting against the Mughals, then against the Afghans, and then finally against the British in the plains of Punjab.",51,7,0.0,1.0,0.0,0.0,Neutral
@Karmazov,Finally a real and authentic Punjabi song featured in a Hindi movie.,2,0,0.0,1.0,0.0,0.0,Neutral
@SayantanMitra94,"This song gives you power. Real Punjabi music. My salutations to all the Gurus, the protectors of Bharat.",18,1,0.0,1.0,0.0,0.0,Neutral
@shaitansingh3717,Goosebumps ğŸ”¥,3,0,0.0,1.0,0.0,0.0,Neutral
@MO_69,Goosebumps while watching in theatres,83,0,0.0,1.0,0.0,0.0,Neutral
@RajanSingh-rf7er,This song is really just not really I haven't words to express my wordsâ¤,4,0,0.0,1.0,0.0,0.0,Neutral
@GurvinderSingh-qs9hs,I m a Punjabi... so glad to hear such a beautiful song describing the bravery.... the folk Punjabi music was always like this..  but it lost touch in recent past...  great lyrics and a beautiful voice of Bhupinder Babbal.... hatts off...,1738,15,0.059,0.596,0.345,0.9371,Positive
@user-fi8ly4cf1u,Such a motivational song â¤,3,0,0.0,1.0,0.0,0.0,Neutral
@krishnabhattacharjee332,And this is what we call a great Punjabi song â¤,3,0,0.0,0.661,0.339,0.6249,Positive
@reemadas4499,"This song was framed and sung by Guru Gobind Singh ji, being a history lecturer, I am just imagining the whole song with the war where Guru ji is singing and fighting the Mughals, imagining how Arjan Singh Nalva is fighting the Mughals and British like goosebumps!!!... ( P.S I am imagining, however it happened for realğŸ˜®ğŸ˜®ğŸ˜®ğŸ˜®)",1,0,0.16,0.8,0.041,-0.8061,Negative
@ujjwalraosahab11,Finally someone in Bollywood who respected punjabi folk music and createdsuch a masterpiece huge props to animal and it's team,100,5,0.0,0.627,0.373,0.8591,Positive
@aryangadre9636,After 1 months still goosebumps,5,0,0.0,1.0,0.0,0.0,Neutral
@walkingronak,I am Gujarati and even I don't understand the lyrics of this song but I can feel the vibes and this song is pure goosegumps for me. This is the music we want.,1305,36,0.0,0.952,0.048,0.1154,Positive
@minionsigma,"This Is The Type Of Vibe That Is So Good, You Canâ€™t Even Describe It",58,0,0.0,0.814,0.186,0.4927,Positive
@duncanfreeman1644,"It's not just a song, it's a warrior's anthem...",87,0,0.0,1.0,0.0,0.0,Neutral
@krarts8622,I love this song â¤,2,0,0.0,0.323,0.677,0.6369,Positive
@pradipsau3455,"Understand -0%ğŸ˜”
                  Love-100%â¤ï¸
                   Skill-100%ğŸ˜
               Spunk-100%ğŸ”¥
  Goosebumps -100%ğŸ”¥
Love from Bengal â¤",10,0,0.0,0.682,0.318,0.6369,Positive
@Wayne55423,"What an acting by Ranbir, Bobby and everyone.. watching all brother singhs standing by Ranbir.. pure Goosebumps",0,0,0.0,1.0,0.0,0.0,Neutral
@gilltps,Goosebumpsâ¤ Only the son of soil knows the real value of regional folks. Thanks to team Animal for showing the real character of Punjabi Folk Songs.,1082,3,0.0,0.819,0.181,0.6486,Positive
@yuvrajpawar3151,Incredible songğŸµğŸµ,2,0,0.0,1.0,0.0,0.0,Neutral
@aviatorcrew389,"Wow â¤ am from Kerala, i loved this punjabi song so much ğŸ˜ğŸ˜. Thanks to the creators and after watching movie, this song haunting me ğŸ˜‚ğŸ‰ğŸ‰.. ğŸ‘ŒğŸ»ğŸ‘ŒğŸ» i liked punjabi language tooâ¤",43,0,0.053,0.604,0.344,0.9112,Positive
@rajju.,Proud to be Punjabi â¤,2,0,0.0,0.492,0.508,0.4767,Positive
@StudyMotion-np5kq,i love this song â¤â¤â¤,0,0,0.0,0.417,0.583,0.6369,Positive
@Babuselvan229,Mind Blowing ğŸ”¥,1,0,0.0,1.0,0.0,0.0,Neutral
@onelife1682,Im from Telugu...have been a great fan of such punjabi music...but bollywood missed it since longtime...our Vanga is bringing back..we know regional values,1382,12,0.075,0.614,0.311,0.7845,Positive
@charchaamanthan,"I love every Indian from any part of my beloved nation, its art and culture with lakhs of years of history",2,0,0.0,0.706,0.294,0.8176,Positive
@shiningmoon745,Love this song immensely. After reading about the sikh warriors story liking it even more. Salute to my sikh brothers...,34,0,0.0,0.723,0.277,0.7845,Positive
@shobhitprasad4421,This is what we call pure goosebumps ğŸ”¥ğŸ”¥,38,0,0.0,1.0,0.0,0.0,Neutral
@adhambagaths5974,à®®à¯Šà®´à®¿à®•à®³à¯ à®•à®Ÿà®¨à¯à®¤à¯ à®®à¯‚à®£à¯ à®®à¯‚à®£à¯ à®µà¯ˆà®•à¯à®•à®¿à®± à®ªà®¾à®Ÿà¯à®Ÿà¯... à®…à®°à¯à®®à¯ˆ â¤â¤,7,0,0.0,1.0,0.0,0.0,Neutral
@khushi_473,1:13 magical goosebumpsâ¤ğŸ‰ğŸ˜®,1,0,0.0,1.0,0.0,0.0,Neutral
@unique_reeshi1792,"It's not a song, it's pure goosebumps â¤ï¸ğŸ”¥",993,9,0.0,1.0,0.0,0.0,Neutral
@rishikeshk.c5812,This song is starting to give me adrenaline boost â¤,22,0,0.0,0.748,0.252,0.4019,Positive
@granthgaming365,Wow vibes â¤â¤,3,0,0.0,0.345,0.655,0.5859,Positive
@Heartbeatchannelz,After a long time.. All song which has a soothing romantic feel that touches the senses.. â¤,1,0,0.0,0.637,0.363,0.6908,Positive
@Heartbeatchannelz,Travalling + cool whether + light rain + with family+going to your dream way + this masterpiece = HEVEN,14,0,0.0,0.637,0.363,0.6908,Positive
@Heartbeatchannelz,Travelling+window seat+cool weather+light raining+ earphones+ eyes closed+ remember someone= best feeling everâ¤,7,0,0.0,0.637,0.363,0.6908,Positive
@JyotiBai-ze5nj,Good to see Punjabi folk in Bollywood â¤,0,0,0.0,0.674,0.326,0.4404,Positive
@WanderWith_Rahul,Tribute to all Sikh Warriorsâ¤. Ranbir Kapoor is living the Character|| Hats off to Sandeep Vanga Reddy Sirâ¤|| True Meaning of Animal Character,1084,20,0.0,0.887,0.113,0.4215,Positive
@oldvsnewbollywoodmashup,"*This song never gets old. No matter how much I listen to it, I never get bored.*",8,0,0.0,0.813,0.187,0.2472,Positive
@nirvanaj1010,"1:06 - 1:15 , what a powerful voice ,have listened to it a few times .  never heard this type of singing style  in any song . ğŸ‘ğŸ‘ğŸ‘",26,1,0.0,0.882,0.118,0.4215,Positive
@Mrbeastfan965,Every song of animal movie is great like kabir singh hatsoff director,6,0,0.0,0.602,0.398,0.765,Positive
@The_Denizen,My only question is....how did and why did Bollywood ingore such a strong song all these years,70,3,0.0,0.82,0.18,0.5106,Positive
@khushidrawingcraftpainting7964,I love this songâ¤â¤â¤â¤â¤â¤,0,0,0.0,0.378,0.622,0.5095,Positive
@khushidrawingcraftpainting7964,So motivated songâ¤â¤â¤â¤â¤â¤â¤,0,0,0.0,0.378,0.622,0.5095,Positive
@amanbrar5977,"Hats off to Sandeep Reddy for bringing Punjabi folk to mainstream, also love to see real Punjabi sardar ji in the movie.",1070,5,0.0,0.833,0.167,0.6369,Positive
@jindagizindabaad7974,"Goosebumps â¤â¤
As a Punjabi from Ayodhya ji truly speechless â¤â¤â¤â¤â¤â¤",21,0,0.0,0.756,0.244,0.4404,Positive
@manishgarg8854,"Kudos to the singer and composer, this would not inly bring forth the greatest stories of Greatest warriors and their bravery, but also the rich cultural of land of revered Gurus. Waahe Guru",1,0,0.0,0.59,0.41,0.9571,Positive
@hindiremix8888,*Fallen in love with this song. I so can relate to the movie as iam too a cancer patient so please everyone keep me in your prayers.*,2,0,0.133,0.663,0.205,0.3384,Positive
@selina-uk1sl,Hail Our Great Sikh legends......Patriots of this country.........Indian from SouthğŸ‡®ğŸ‡³ğŸ‡®ğŸ‡³ğŸ‡®ğŸ‡³ğŸ‡®ğŸ‡³ğŸ‡®ğŸ‡³ğŸ‡®ğŸ‡³,6,0,0.0,0.597,0.403,0.6597,Positive
@sweetleftyswing,"Fight scene reminds me of King Fu Hustle, love how it was choreographed with this song, especially the gang raising their weapons",9,0,0.315,0.556,0.13,-0.7184,Negative
@mmrinalm,"This is a first of its kind full blown Punjabi track in a bollywood film. Itâ€™s great to see that the lyrics are hardcore punjabi and have not been mellowed down to make them sound more like hindi, unlike many other punjabi songs that were modified to be adapted in bollywood. 

Superbly energetic music and equally energetic and uplifting lyrics.",1014,6,0.0,0.767,0.233,0.9441,Positive
@konthan12345,This song has been on repeat  since I saw the movie. Gives you goosebumps!,22,0,0.0,1.0,0.0,0.0,Neutral
@mdsahil796,Now it's time to upload the movie clip of this song just like they did for Abrar's entry ğŸ”¥ğŸ”¥ğŸ”¥,5,0,0.0,0.878,0.122,0.3612,Positive
@GamingwithEkroop,""" Teri oye"" give me goosebumps ğŸ”¥",3,0,0.0,1.0,0.0,0.0,Neutral
@kadvibaat50,My love for punjabiâ€™s increasedâ€¦ Wonderful brotherhood and mind blowing song,19,0,0.0,0.533,0.467,0.836,Positive
@GulGeeOfficial,30days and still on #16 trending,2,0,0.0,1.0,0.0,0.0,Neutral
@The16varinder,I bow down to Guru Hargobind Ji (6th sikh Guru) who initiated dhadhi vaar (style used in this song) to fill His army with valor and courage to fight.,2159,23,0.082,0.818,0.101,0.1531,Positive
@bakhaitkumar6284,This is not just a song. It is war cry. Amazing,13,0,0.393,0.393,0.213,-0.4939,Negative
@roopnarayansharma9910,This song gives next level of energy and self-confidenceidenâ¤ï¸â¤ï¸â¤ï¸,19,0,0.0,0.792,0.208,0.2732,Positive
@Specter_Editz,I don't understand the language but i heard this song 20+ times ğŸ”¥ğŸ”¥ goosebumps ğŸ”¥ğŸ”¥ğŸ”¥,4,0,0.0,1.0,0.0,0.0,Neutral
@Cherry-hh1sg,This sounds so raw and so authentic. I hope such kind of Punjabi music is brought forth more often.,5,0,0.0,0.842,0.158,0.4902,Positive
@voilentguy,Wahe Guru Ji da khalsa wahe guru ji di fatehâ¤â¤what a lovely and heart pumping songâ¤â¤,64,0,0.0,0.787,0.213,0.5859,Positive
@user-kp5kn2jh5e,This scene blasted the theatre. Still getting goosebumps. ğŸ”¥ğŸ”¥ğŸ”¥,1243,5,0.0,1.0,0.0,0.0,Neutral
@kishoregoyal942,Love this songğŸ‰,0,0,0.0,0.323,0.677,0.6369,Positive
@Thomas_Shelby3177,That initial siren goosebump ğŸ”¥,1,0,0.0,1.0,0.0,0.0,Neutral
@ishabargale3216,"Telugu director, hindi film, Punjabi music just loved it",0,0,0.0,0.672,0.328,0.5994,Positive
@abhilashhs6499,"Animal is Animal ...
What a movie ... fantastic movie ... absolutely loved it.",1,0,0.0,0.585,0.415,0.8313,Positive
@AvneetKaurSidhu.,So proud that he was from my village and my parents knew him wellâ¤,9,0,0.0,0.793,0.207,0.5256,Positive
@themysteriousworld7676,"As a Punjabi, this is the first time I feel respected by bollywoodâ¤

Edit: Credit goes to everyone in making of this song and movie and not making it mix of hindi and punjabi, This is how a proper punjabi song look like.ğŸ˜Š",4297,111,0.0,0.87,0.13,0.6908,Positive
@chintanshah9776,"2:46 that killer look man, just mind blowing acting, Ranbir is no doubtly best actor across Bollywood for now.ğŸ”¥ğŸ”¥",5,0,0.243,0.599,0.157,-0.3182,Negative
@AnupamMukherjee316,This is pure gold.. lot of motivation in this song..,0,0,0.0,0.789,0.211,0.34,Positive
@pankajjangir565,nice song â¤â¤,1,0,0.0,0.417,0.583,0.4215,Positive
@gauravbassiofficial9004,"As a Punjabi, i feel proud that Punjabi songs are well recognised in Bollywood",2938,75,0.0,0.658,0.342,0.6369,Positive
@SanjeevKumar-yg2zk,This Is Not a Song This Is Pure Warriers Anthem Goosebumps Song...ğŸ¥°ğŸ˜ğŸ¤©â¤ï¸â€ğŸ”¥â¤ğŸ’¯ğŸ’¯ğŸ’¯,36,2,0.0,1.0,0.0,0.0,Neutral
@swarupcodes,The story of Arjan Velly gives goosebumps.,12,0,0.0,1.0,0.0,0.0,Neutral
@isiaanera2349,ğŸ˜¢I love it ğŸ’“,0,0,0.0,0.323,0.677,0.6369,Positive
@sheetalgoyal3547,When I play the song on full volume my house is filled with vibe,14,0,0.0,0.833,0.167,0.34,Positive
@vishal8646,one of the power full voices,1,0,0.0,1.0,0.0,0.0,Neutral
@singhjasmeetchawla1,Only a regional director can understand the importance of keeping the legacy of a region intact. Great job Sandeep Reddy Vanga!,9271,148,0.0,0.648,0.352,0.8268,Positive
@OfficialRanbirKapoor,"THANK YOU GUYS FOR YOUR AMAZING SUPPORT, KEEP ENJOING! ğŸ’“ğŸ’—",8,0,0.0,0.599,0.401,0.7717,Positive
@OfficialRanbirKapoor,"THANK YOU GUYS FOR YOUR EXTRAORDINARY SUPPORT, KEEP ENJOYING ğŸ–¤ğŸ’¥",43,0,0.0,0.599,0.401,0.7717,Positive
@OfficialRanbirKapoor,"THANK YOU GUYS FOR YOUR AMAZING SUPPORT, THIS SONG! ğŸ’“ KEEP ENJOYING ğŸ•º",3,0,0.0,0.599,0.401,0.7717,Positive
@OfficialRanbirKapoor,"THANK YOU GUYS FOR YOUR AMAZING RESPONSE, THIS SONG! ğŸ’“ KEEP ENJOYING ğŸ•ºğŸ•º",8,0,0.0,0.599,0.401,0.7717,Positive
@OfficialRanbirKapoor,"THANK YOU GUYS FOR YOUR AMAZING SUPPORT, KEEP ENJOING! ğŸ’“ğŸ’—",6,0,0.0,0.599,0.401,0.7717,Positive
@OfficialRanbirKapoor,&quot;Such an amazing experience working on this song! Grateful for all the support and love from my fans. Hope you all enjoy it as much as I enjoyed being a part of it!&quot;ğŸ˜Š,1,2,0.0,0.599,0.401,0.7717,Positive
@OfficialRanbirKapoor,Thank you all for the love towards the music of ANIMAL ğŸ«¡ğŸ™â¤,3,0,0.0,0.599,0.401,0.7717,Positive
@ranjanasingh762,Im glad that this song has reached around 67m views! I m so proud to hv a mamu like bhupind babbalğŸ’—,6,0,0.0,0.556,0.444,0.8802,Positive
@musiciscreation6693,Too too good ! Love this epic composition Arjan Vailley,0,0,0.0,0.745,0.255,0.6988,Positive
@musiciscreation6693,this is a power packed song1 Love the Punjab! and thier Music...lively and gives ur a kick!,5,0,0.0,0.745,0.255,0.6988,Positive
@sandeepsubramanian4375,Massive musicğŸ‰ğŸ‰ğŸ‰,1,0,0.0,1.0,0.0,0.0,Neutral
@sparten89,Just now watched in IMAX just awesome at this movement its pure goosebumps. â¤â¤â¤,10,0,0.0,0.76,0.24,0.6249,Positive
@sangeetaverma5602,Very Very Very Very Nice Song ğŸ‰ğŸ‰ğŸ‰â¤â¤,1,0,0.0,0.623,0.377,0.5625,Positive
@shivanandjadon2000,This song&#39;s every word gives energy to whole body,0,0,0.0,0.792,0.208,0.2732,Positive
@hitesh05,Felt goosebump.,0,0,0.0,1.0,0.0,0.0,Neutral
@gallicricket,I&#39;m from Telangana like the director Sandeep reddy vanga..so proud he picked this authentic Punjabi folk and made the whole of north India especially sikh brothers emotional and Happy..,1570,23,0.0,0.777,0.223,0.7553,Positive
@gorakhnathdukare6939,This song it&#39;s song it&#39;s emotion to guru govind singh â¤,1,0,0.0,1.0,0.0,0.0,Neutral
@boss6139,Goosebumps ğŸ˜®,0,0,0.0,1.0,0.0,0.0,Neutral
@swapnildaware6833,Just Google about &quot;Arjan Vailly&quot; you&#39;ll get Goosebumps just reading about himğŸ”¥ğŸ”¥,0,0,0.0,1.0,0.0,0.0,Neutral
@jims3579,Being a Punjabi ..it&#39;s really a proud moment to hear dis song in dis  high budget movie starring Ranbir Kapoor ...I&#39; was super happy at d same time I was in tears where I heard d lyrics ...typical Punjabi language is used ...sooo happy to see our Punjabi language is making its mark globally.. Eagerly waiting to see dis movie n I really want to listen dis song on d bigggg screen...,854,20,0.025,0.729,0.246,0.9516,Positive
@deepworld7,Thank you Sandeep Reddy Vanga for including the regional songs marathi one was also dope.,10,0,0.0,0.848,0.152,0.3612,Positive
@faizalmohamedfenaaz5062,This song is so lit..such a adrenaline pumping vibes..,5,0,0.0,1.0,0.0,0.0,Neutral
@Bangtangirl-family,Playing on loop ğŸ˜ğŸ™ğŸ‡®ğŸ‡³ğŸš©,1,0,0.0,0.625,0.375,0.2023,Positive
@PrakharMishra-lx4xx,Beauty of India perfectly showed in this song. Director is from tollywood and by perfection he made this song â¤â¤,5,1,0.0,0.592,0.408,0.9136,Positive
@awesmirza,Energetic song for the youngsters.,2,0,0.0,0.58,0.42,0.4404,Positive
@Nv021,Heartfelt thanks to Shri Bhupinder Babbal Ji for having such a wonderful and loud voice. â¤â¤,780,6,0.0,0.543,0.457,0.8779,Positive
@kumarassociates3039,"Every song is superb from this movie, Sandeep Reddy Vanga took all the great singers and that&#39;s the result<br>Bhupinder Babbal<br>B Praak<br>Arijit Singh",9,0,0.0,0.709,0.291,0.8481,Positive
@AG_GAMER7,â¤ masterpiece love this song proud to be Punjabi love you India,1,0,0.0,0.31,0.69,0.9485,Positive
@evaanparmar8446,Now after a long era .. Bollywood showed something epic.â¤,3,0,0.0,1.0,0.0,0.0,Neutral
@surajk5102,Some people need Frooty to gain energy... some needs Red bull but legends doesn&#39;t need any kind of drinks if they have been once listen this song they will charge full energetic ğŸ˜‚ğŸ”¥âš¡ï¸,3,0,0.0,0.837,0.163,0.7227,Positive
@SasaTan-sd4kz,Ranbir isn&#39;t just playing; he&#39;s really living that character. It gives me so many goosebumps.,514,3,0.0,0.886,0.114,0.2023,Positive
@VanshGS.-jv9rv,"After listening the song, I will feel proud to be indian",0,0,0.0,0.744,0.256,0.4767,Positive
@notanubhavx,full goosebumpssss!!!!!!!!!!!!!!!!!!,1,0,0.0,1.0,0.0,0.0,Neutral
@SS-GAMING-IP-zg7fr,This song give confidence ğŸ”¥ğŸ”¥,0,0,0.0,0.548,0.452,0.5106,Positive
@ruchisoni2866,Listening to it on loop! â¤,2,0,0.0,1.0,0.0,0.0,Neutral
@JasleenKaurRathour,Hats off well done what a great folk music before this song I have listened to this type of song in yaara ve movie it was also great the name of that song is mirza ğŸ¥°ğŸ¥° <br>First time i loved a song very much from Bollywood that i have listen it more the 2 times ğŸ¥°ğŸ¥°ğŸ˜,7,0,0.0,0.764,0.236,0.9349,Positive
@saikirankondra4208,This song is one of those examples why Punjabis are are called warrior clan. This song gives me goosebumps everytime the guy shouts &quot;chak oye&quot;. Extremely happy that a folk Punjabi song has made its way into this movie and not a regular tacky punjabi song.,887,35,0.0,0.915,0.085,0.6115,Positive
@abinantony1906,Another level of connection â¤,0,0,0.0,1.0,0.0,0.0,Neutral
@macchau6859,I always beleived tht punjabi music is much more than daru ... yes it is... this song is  masterpiece,3,0,0.0,0.702,0.298,0.7783,Positive
@HarshalBaisane,"<a href=""https://www.youtube.com/watch?v=zqGW6x_5N0k&amp;t=150"">2:30</a> Did anyone missed this scene or it was not there in the movie",4,0,0.136,0.864,0.0,-0.296,Negative
@shounaksen3336,"Bengali grew up in Delhi.. Never liked Punjabi rock per se, but this song gives goose bumps.. Great job",11,0,0.069,0.699,0.232,0.717,Positive
@krishnacomicschourasia,Mast songâ¤â¤â¤,0,0,0.0,1.0,0.0,0.0,Neutral
@RelaxxAndSleeep,"We Telugu people not only love and greatly value our culture. But we also embrace, lift and welcome each and every regional culture of our great country. Jai Shri Guru Gobind Singh JiğŸ™ğŸ»ğŸš©âšœï¸",9309,260,0.049,0.627,0.324,0.9226,Positive
@kapala4581,Amazing â¤,0,0,0.0,0.0,1.0,0.5859,Positive
@SajjadKhan786,"This is real Punjabi, loved it glad to see bollywood showing real punjabi culture.",6,1,0.0,0.635,0.365,0.7845,Positive
@akshithvijaykumar3779,Iâ€™m Telugu and Iâ€™m addicted to this song,0,0,0.0,1.0,0.0,0.0,Neutral
@akshithvijaykumar3779,Im addicted to this song,3,0,0.0,1.0,0.0,0.0,Neutral
@81179venky,This song and movie is like a drugâ€¦absolute masterpiece.,0,0,0.0,0.476,0.524,0.765,Positive
@niksgp,"What a Bollywood couldn&#39;t do as a hindi film industry, a Telugu director did it being a non hindi; he presented the most authentic Punjabi song.",1369,26,0.0,1.0,0.0,0.0,Neutral
@KapilDev-bo6vs,I am in Tamilnadu but this song 100 time wacting really superâ¤â¤â¤â¤,0,0,0.0,1.0,0.0,0.0,Neutral
@shivamupadhyay3862,This song will break the Internet For Sureâ¤ğŸ¤·ğŸ»,4,0,0.0,1.0,0.0,0.0,Neutral
@avexdl9501,"<a href=""https://www.youtube.com/watch?v=zqGW6x_5N0k&amp;t=11"">0:11</a> when he says &#39;Chak oyeee&#39; it give goosebumps in GYMğŸ’ª    (play this song in GYM on full volume and feel the goosebumps and different vibe, i bet-it can help you for give best practice session in GYM)",0,0,0.0,0.839,0.161,0.7845,Positive
@sid3924,Goosebumps,1,0,0.0,1.0,0.0,0.0,Neutral
@shashiveersharma9307,Being Punjabi it&#39;s glad to hear folk Punjabi song describing the bravery in Bollywood movies ....  great lyrics and a powerful  voice of Bhupinder Babbal.... keep it up...,893,9,0.0,0.637,0.363,0.9201,Positive
@conanmukherjee5958,"Don&#39;t need the meaning.. <br>awesome flow.. fabulous singing.. <br>folk songs enchant like nothing...<br><br>As an Indian, I am blessed to enjoy such compositions of diiferent lands!!",25,0,0.0,0.596,0.404,0.9272,Positive
@sumitghosal5648,Real goosebumps.... What a song... What a movie...,12,0,0.0,1.0,0.0,0.0,Neutral
@404nikhil,This song historically and originally belongs to the Great Guru Arjan Dev Ji ğŸ™,30,2,0.0,0.745,0.255,0.6249,Positive
@thechristianrevolution8568,I am a tamilian....even though i cant understand punjabi this song gives me a feel to do impossible thingsâ¤ï¸â€ğŸ”¥and everybody here likes punbaji songs coz its a vibe we colloquially say punbaji folk as bale bale songğŸ˜…,3,0,0.0,0.917,0.083,0.4215,Positive
@pratik_-singh,I really love this song because this song is motivationalâ¤.,0,0,0.0,0.64,0.36,0.6697,Positive
@pratik_-singh,I really love this song because this song is motivationalâ¤.,4,0,0.0,0.64,0.36,0.6697,Positive
@rahulmajumder2689,"I just played this song loudly, my neighbour complained to police... Police came, hear this masterpiece for 10 times then arrested my neighbour...... <br>Truly a masterpiece chartbuster ğŸ”¥",441,24,0.153,0.527,0.32,0.81,Positive
@achalsingh0110,"Unbeatable,   unfeelable â¤",11,0,0.0,1.0,0.0,0.0,Neutral
@ajaydalaya2195,This motivates me to end my enemy within which is fear.,0,0,0.427,0.573,0.0,-0.7717,Negative
@shiv__singh,"Ranbir Kapoor,<br>What a great acting.<br>Ever after 15 days of watching Animal.<br>I can&#39;t get over it.<br>Just outstanding Ranvijay SinghğŸ”¥ğŸ”¥â¤",1,0,0.0,0.649,0.351,0.8442,Positive
@suhanawadhwani4934,That line o Lelo Lelo ho jayge my family just Vibed ğŸ˜‚â¤ this is a masterpiece ğŸ‰,3,1,0.0,0.76,0.24,0.6249,Positive
@harpreetsingh-wz2cr,"This song is based on the character of Arjun singh nalua and he was one of the 4 sons of Great sikh commander in chief Sardar Hari Singh Nalua (Sardar Hari Singh Nalua, a fearsome tiger killer, sikh warrior, leader who conquered Afghanistan, kabul and spreaded the punjab to all these places by creating the empire for Maharaja Ranjeet singh) . Arjan velly ne khich ke gandasi maari is taken from his life where one time, he was in his palace and the britishers came to know that he was alone in the house and not with the kunwar Naunihal Singh (Grandson of Maharaja Ranjeet singh) so britishers tried to take him out as he was one of the pebbles in their long hard way to conquer punjab ( Punjab was conquered last by britishers and britishers ruled punjab only for 100 years whereas they ruled over india for 200 years) ....when Britishers attacked him alone in the house then he faced them with armory from inside the house but when he realised that he was going to run out of the gunpowder then he took a gandasi in his hands, opened his doors and attacked the troops as if he was a hungry lion and his gandasi was thirsty for the blood....he fought fearlessly and then escaped the scene only to meet khalsa forces in punjab to join them and fight bristishers in Anglo Sikh wars 2 alongside his brother Sardar Zorawar singh and defeated many britishers.",441,21,0.113,0.851,0.036,-0.9612,Negative
@user-kv3mc3gj2b,I  love this song too ğŸ˜Š,0,0,0.0,0.417,0.583,0.6369,Positive
@dd81807,"To me the movie was a disappointment, but this song and this scene in the movie, iconically badass.",4,0,0.213,0.787,0.0,-0.4678,Negative
@IM_Eisa,GOOSEBUMPS,2,0,0.0,1.0,0.0,0.0,Neutral
@karansingh-ip7pd,no one can beat Punjabi aura and music â€¦..proud to be Sikh and Punjabi,838,40,0.145,0.855,0.0,-0.296,Negative
@shaantanuasthana969,I was just 14 when i lost my dad about 3 years from his death year he had some mental illness and i know how it feels to grow as a boy without ur dad going through teenage struggling with male puberty issues emotional illness ita really tough but still life goes on please value ur parents they are the pillars of ur life love u dad. ğŸ˜¢,2,0,0.147,0.678,0.175,0.723,Positive
@user-ez2cl2fv9q,This song is really punching me hard in my gut,9,0,0.156,0.844,0.0,-0.1689,Neutral
@anisurfer84,These kind of songs make me want to learn Punjabi! What a powerful language.,9,0,0.0,0.715,0.285,0.5255,Positive
@vishwajeetsb694,You will be on the edge throughout the movie.. whole of 3hrs 21 minutes.. ğŸ”¥ğŸ”¥,4,0,0.0,1.0,0.0,0.0,Neutral
@charandeep-up8bi,Goosebumps on this song ğŸ”¥ğŸ”¥ğŸ”¥ ğŸ˜ˆğŸ˜ˆ,1,0,0.0,1.0,0.0,0.0,Neutral
@ashishpanchal1332,This is not just song...this is bravery by Sikh !! This is emotion...big thank to director,725,20,0.0,0.69,0.31,0.7418,Positive
@salamonjitu9257,I&#39;m a tamilian... don&#39;t know the meaning of this lyric.... whether Hindi or Punjabi.... bgm nd voice are still goosebumps.... in. Tamil... à®®à®¿à®Ÿà¯à®•à¯à®•à¯...,1,1,0.0,1.0,0.0,0.0,Neutral
@kingkumawat-yv4pr,ANIMAL GOOSEBUMPS ğŸ”¥ğŸ”¥,0,0,0.0,1.0,0.0,0.0,Neutral
@officialpayal9886,Literally i wanted to dance in theatre after hearing thisâœ¨ğŸ”¥,5,1,0.0,1.0,0.0,0.0,Neutral
@RAMUCOMEDYNO,Good song ğŸµ ğŸ‘Œ ğŸ‘,1,0,0.0,0.204,0.796,0.5994,Positive
@RAMUCOMEDYNO,Super gana â¤,1,0,0.0,0.204,0.796,0.5994,Positive
@JaskaranSingh-ui4px,For people who donâ€™t know itâ€™s a folk song sung by Kuldeep Manak Saab in first place and the Arjan Vaily he was talking about is the descendant of Sardar Hari Singh Naluwa who was actually Arjan Singh Naluwa and this genre in Panjabi Music is known as Vaar or Dhadi and the line in the song paper Josh ke Gandasi maari is the actual verse taken from the real incident back when Arjan Singh was cordon by britishers and he fought with them with his gandasi so the history behind this song is great as well and itâ€™s the first time ever someone in Bollywood which is from tollywood depicted Sikhs in the true way they look fearless warriors thanks to Sandeep Vanga sir for such a nice depiction ğŸ˜Š,556,14,0.016,0.859,0.125,0.936,Positive
@cinemagupshup3771,Goosebump song ....will be remembered untill Animal Park comesğŸ˜ğŸ‘ğŸ‘,11,0,0.0,1.0,0.0,0.0,Neutral
@djKaranNagpurihazaribagh100,I love this song,2,0,0.0,0.323,0.677,0.6369,Positive
@motivationking5408,This song gives me Goosebumps,1,0,0.0,1.0,0.0,0.0,Neutral
@karmicrealm,Goosebumps â¤ï¸ğŸ™,8,0,0.0,1.0,0.0,0.0,Neutral
@user-cr1xc3pd6i,Beautiful song,0,0,0.0,0.204,0.796,0.5994,Positive
@saurabhgaut,Wahe Guru ji â€¦. This is not just a Song its Our History â€¦..,603,22,0.0,1.0,0.0,0.0,Neutral
@Harrysag,Masterpiece. Great job  this is real Punjabi music,6,0,0.0,0.423,0.577,0.8481,Positive
@Open_My_Channel,"It was 99M views, I clicked the video and now it&#39;s 100MğŸ’¯ğŸ’¯ğŸ’¯",8,0,0.0,1.0,0.0,0.0,Neutral
@brightbuk9729,"This song will haunt for very long time. This kind of music deserves limelight, our own folk songs from our own culture. Irrespective of language, people from across the country showered their love for this song...",0,0,0.066,0.831,0.103,0.3612,Positive
@SiNgLexWeTTX,For so many years this gem of a Punjabi folk song was kept hidden from mainstream India now it&#39;s getting heard by the whole of India. Congratulations to Sandeep Reddy Vanga .,153,0,0.0,0.881,0.119,0.5994,Positive
@ABHAYPANDIT112,Now this is the kind of great Punjabi music we grew up listening to... Playing on loop..,2,0,0.0,0.728,0.272,0.6815,Positive
@inspiregrowth9022,This sounds so raw and so authentic. I hope such kind of Punjabi music is brought forth more often.,1093,4,0.0,0.842,0.158,0.4902,Positive
@garryonline7,Goosebumps,1,0,0.0,1.0,0.0,0.0,Neutral
@NiteshKumar-pv9fj,What a great song I never had in my life..,0,0,0.0,0.631,0.369,0.6249,Positive
@neshadtasnim7013,"i&#39;m bangladeshi, this song is fckn lit ğŸ”¥ğŸ”¥ğŸ”¥ğŸ”¥ nonstop playing high volume. Love ranveer kapoor",4,0,0.0,0.684,0.316,0.7184,Positive
@deepakchandouria2686,goosebumpsâ¤,0,0,0.0,1.0,0.0,0.0,Neutral
@haydeepsingh3511,Amazing â¤ï¸,0,0,0.0,0.208,0.792,0.5859,Positive
@roarbrar,True Authentic Punjabi Folk and Sikh representation. Salute to the director and Ranbir Kapoor. â¤ğŸ™ğŸ»ğŸ´,647,13,0.0,0.833,0.167,0.4215,Positive
@shank4655,Punjab the land of freedom fighters and bravery sikkh religion â¤ lovely miss u my Punjabi friend ğŸ˜¢,5,0,0.107,0.344,0.55,0.9274,Positive
@ganeshbehary7220,Goosebumpsâ¤ğŸ”¥ğŸ’¯,3,0,0.0,1.0,0.0,0.0,Neutral
@jediknightsharma9861,"This sceneâ€¦. Just ğŸ”¥ ğŸ”¥ <br>Glad I didnâ€™t watch the music video before movie, it gives away everything ğŸ˜…",2,0,0.0,1.0,0.0,0.0,Neutral
@vijayPatibandla,"For me, It&#39;s a Warrior Anthem.â¤",1,0,0.0,1.0,0.0,0.0,Neutral
@ImranAli-or5jh,I proud to be punjabi brother,2,0,0.0,0.563,0.437,0.4767,Positive
@ashokjoshi8978,I watched the first day first show in a jam-packed theatre and trust me. You don&#39;t want to miss the experience. This song elevates the scene and impact to next level in theatre.,743,11,0.047,0.819,0.135,0.4588,Positive
@ramdayalmali4724,Goosebumps songğŸ’¯,0,0,0.0,1.0,0.0,0.0,Neutral
@jdtheproboy7867,Literal I have craze on this song I have listened it again and again,2,0,0.127,0.873,0.0,-0.1531,Neutral
@bikramjeetpathak1229,Goosebumps...,0,0,0.0,1.0,0.0,0.0,Neutral
@preetijoshi5980,Beautiful songğŸµâ¤,0,0,0.0,0.204,0.796,0.5994,Positive
@siddharthrai5250,A masterpiece song which I am listening after long time.â¤,2,0,0.0,0.631,0.369,0.6249,Positive
@niteshnayak5170,I can&#39;t really describe it but this genre of music always feels like the last period of a great day full of energy,356,4,0.0,0.609,0.391,0.9109,Positive
@barshadutt796,This Song Gives Me another Type of Vibe loved itğŸ©¶,1,0,0.0,0.698,0.302,0.5994,Positive
@hemasathvika8684,omg excellent one ğŸ˜¯cant delete this from my mind â¤â¤â¤,1,0,0.0,0.709,0.291,0.5719,Positive
@Sachin_Rathore2,Goosebumps,1,0,0.0,1.0,0.0,0.0,Neutral
@varshanaik7678,More than Ranbir Kapoor this song shud be for Indian Army. Each and every word suits them,3,0,0.0,1.0,0.0,0.0,Neutral
@AnitaYadav-jx4bq,What a masterpiece,0,0,0.0,0.196,0.804,0.6249,Positive
@mamasmuffins,Arjan Vailley described in this song was the son of the great warrior Hari Singh Nalwa. And like his father was also a great warrior. At the time when Britishers attached him he fought bravely and frivolously with only his gandasi which is a kind of weapon mentioned in this song.,416,9,0.078,0.696,0.227,0.8809,Positive
@saavikour3543,This is love ğŸ’• it&#39;s so raw â¤,1,0,0.0,0.543,0.457,0.6369,Positive
@kartikmehra0220,Beautifull Song â¤â¤,0,0,0.0,1.0,0.0,0.0,Neutral
@nileshdewase8055,Such a great song â¤,4,0,0.0,0.328,0.672,0.6249,Positive
@FaizaanHR23,This is a banger!! ğŸ”¥ğŸ”¥,2,0,0.0,1.0,0.0,0.0,Neutral
@Delicious.Dilemma,What an energetic song!,3,0,0.0,0.484,0.516,0.4926,Positive
@sravankandala3450,"Being a Telugu person, how can Sandeep Reddy Vanga take out the sensibilities of Punjabi music and use it for his film. Pure detailing of what he wants to show on screen<br>. G O A T Sandeep Reddy Vanga",499,5,0.0,1.0,0.0,0.0,Neutral
@mkearninghacks9047,Awesome â¤,0,0,0.0,0.0,1.0,0.6249,Positive
@user-bw5uj1gv9r,Goosebumps ğŸ”¥ ğŸ‘‘,2,0,0.0,1.0,0.0,0.0,Neutral
@rudransh8931,Song deserves 1 billion views.<br>Jai Shree Ram ğŸš©<br>Jai Shree Parshuram ğŸš©,4,0,0.0,1.0,0.0,0.0,Neutral
@akshayarora5298,Addicted to ths Masterpiece,0,0,0.0,0.423,0.577,0.6249,Positive
@user-gi4em6jl8v,Yawrr!!! Literally  I&#39;m feeling obsessed right now with this song... â¤,1,0,0.213,0.662,0.124,-0.2677,Negative
@Hyunjin.is.a.tree115,As a Punjabi when I heard this song for first time I could not even image use of this folk song in a Bollywood movieğŸ”¥ğŸ”¥,554,4,0.0,1.0,0.0,0.0,Neutral
@adeelmalik4713,Ranbir killed it he showed how much of a top actor he is,3,0,0.276,0.613,0.11,-0.5719,Negative
@SKumar-og3dz,Ye Song Theatre me jab dekhoge toh next level Josh ajyega â¤ğŸ”¥ğŸ”¥ğŸ”¥,16,0,0.0,1.0,0.0,0.0,Neutral
@kanevivalakane3699,Punjabi Prideâ¤ We are the best in the World,2,0,0.0,0.656,0.344,0.6369,Positive
@omnipotentblader187,True masterpiece another gym motivation song unlocked,3,1,0.0,0.301,0.699,0.8519,Positive
@hitmanhart22,"Super Hit movie....After Vaastav (1999), this movie was a hell of a watch...",1,0,0.263,0.514,0.223,-0.1779,Neutral
@simrankgill5319,Proud to see this old punjabi folk song getting much deserved appreciation! Warrior arjan vaillyğŸ‘‘,784,6,0.0,0.66,0.34,0.7712,Positive
@Ch.Hemachander-03,"<a href=""https://www.youtube.com/watch?v=zqGW6x_5N0k&amp;t=30"">00:30</a> to <a href=""https://www.youtube.com/watch?v=zqGW6x_5N0k&amp;t=47"">00:47</a> What a Music ğŸ”¥. Literally GoosebumpsğŸ”¥ğŸ”¥ğŸ”¥",10,0,0.0,1.0,0.0,0.0,Neutral
@siddhantghaywate149,Punjabi songs are next levelğŸ”¥ğŸ”¥<br>Loved itâ¤,8,0,0.0,1.0,0.0,0.0,Neutral
@user-qs3zc7nd2z,That private jet scene ğŸ‰ğŸ¤£ğŸ¤£ğŸ¤£ğŸ«¡ğŸ‘ğŸ‘ğŸ‘ğŸ‘ğŸ‘ğŸ‘,2,1,0.0,1.0,0.0,0.0,Neutral
@roshanpandey3448,Warrior song ğŸ”¥ğŸ”¥ğŸ”¥ğŸ”¥ just looping on it ğŸ‰ğŸ‰ğŸ‰,0,0,0.0,1.0,0.0,0.0,Neutral
@vinayakmudagannavar,"Congratulations,very close to 100 million ğŸ‰ğŸ‰ğŸ‰ğŸ‰ğŸ‰",1,0,0.0,1.0,0.0,0.0,Neutral
@pranitflora9482,As a Sikh i feel happy Punjabi folk music is showed..<br>United ğŸ‡®ğŸ‡³ we stand against anything.,471,7,0.0,0.778,0.222,0.5719,Positive
@mr.mythic819,I Feel So Energetic After Listening To This.. I Feel Proud That I Am A Punjabi,3,0,0.0,0.614,0.386,0.7425,Positive
@p.vishnuvardhan9067,"Finally Telugu Director Gave a Big Hit To Superstar Ranbir Kapoor , So Proud Of Sandeep Bhaiâ¤ğŸ‰",3,0,0.0,0.805,0.195,0.5256,Positive
@ks-uk5if,best song forever .. at the time span of fight with someone,2,0,0.155,0.595,0.25,0.3818,Positive
@gundev56,Amazing presentation of the normal story. Ranbir is the lifeline of the film and Bobby &amp; Dimri are the delight.,1,0,0.0,0.7,0.3,0.8271,Positive
@dishagill318,Iâ¤ THIS SONG,0,0,0.0,1.0,0.0,0.0,Neutral
@subscribe_this_channel__,"<b>ranbir is not simply acting,he is just living in that characterğŸ’¯ğŸ”¥</b><br><br><b>pure goosebumps overloadedğŸ˜»</b>",390,4,0.0,1.0,0.0,0.0,Neutral
@subscribe_this_channel__,"<b>ranbir is not simply acting,he is just living in that characterğŸ”¥ğŸ’¯</b><br><br><b>pure goosebumps overloadedğŸ˜»</b>",225,0,0.0,1.0,0.0,0.0,Neutral
@ManavBijumon,I dont listen to punjabi music but this is just a whole different vibe ğŸ”¥ğŸ”¥,6,1,0.0,1.0,0.0,0.0,Neutral
@vikas9813,"Such a raw folk singing , simply awesome ğŸ‘Œ kudos to composer &amp; singer.",5,0,0.0,0.549,0.451,0.8126,Positive
@dr.ameerhamza4485,punajbi music back on its peek and genuineness,1,0,0.0,1.0,0.0,0.0,Neutral
@Ashykale,Song is not a song it&#39;s an emotion,2,0,0.0,1.0,0.0,0.0,Neutral
@ovesqureshi7407,"<a href=""https://www.youtube.com/watch?v=zqGW6x_5N0k&amp;t=21"">0:21</a> was the best part of song",7,0,0.0,0.625,0.375,0.6369,Positive
@saurabh_411,The fact that this was Written by our Guru ji gives me Goosebumps ğŸ™,776,23,0.0,1.0,0.0,0.0,Neutral
@manishtripathi6860,This song shld be declared test booster ğŸ”¥ğŸ”¥ğŸ”¥,0,0,0.0,1.0,0.0,0.0,Neutral
@yeasminshahajadi6898,This song is addictive man!!,1,0,0.0,1.0,0.0,0.0,Neutral
@madhusoodan2881,What a Co-incidence.. This song came into light when karnataka&#39;s ambhari elephant Famely known as Arjuna died after ferociously fight against wild elephant...RIP to the legendary elephant.. ğŸ˜¢,5,0,0.265,0.735,0.0,-0.8074,Negative
@sanjaysinghania716,Evolutionary music!  Amazing musical and cinematic talent,2,0,0.0,0.42,0.58,0.784,Positive
@harshitverma4266,"the bgm from <a href=""https://www.youtube.com/watch?v=zqGW6x_5N0k&amp;t=91"">1:31</a> is lit",5,0,0.0,1.0,0.0,0.0,Neutral
@loveleenkaur5447,Unadulterated punjabi folk musicâ€¦ kudos to the makers! Hope one day some regional director ( Mr . Sandeep  ğŸ¤ or any one of his caliber )has balls to make a film in the great Hari Singh Nalwa or Jassa Singh Ramgarhia of Jassa Singh Ahluwalia or Sherepunjab Maharaj Ranjeet Singh!!!! ğŸ‘ğŸ»ğŸ‘ğŸ»ğŸ‘ğŸ»ğŸ‘ğŸ»ğŸ‘ğŸ»,456,7,0.0,0.793,0.207,0.9094,Positive
@dediyagalaDGA-hu7cv,Song gives energy â¤,11,0,0.0,0.488,0.512,0.2732,Positive
@virendrasingha7425,what a Powerful song,1,0,0.0,0.417,0.583,0.4215,Positive
@jaspreetsaluja1979,this song is fire,0,0,0.444,0.556,0.0,-0.34,Negative
@pannudilraj,Old classic song... Rightly used... Arjan valley ne... ğŸ‘ğŸ‘ğŸ‘ğŸ‘ŒğŸ‘ŒğŸ‘Œ,1,0,0.0,1.0,0.0,0.0,Neutral
@baymax2.079,My first preference would be Punjabi songs whenever I am at a gym... Always gives me an adrenaline rush.,1,1,0.0,1.0,0.0,0.0,Neutral
@udhaysood9399,Jai Shri Guru Gobind singh ji ğŸ™ğŸ» from morning to till now I am listening this master piece â¤â¤â¤â¤,570,10,0.0,1.0,0.0,0.0,Neutral
@shivangipandey7579,In love with this song â¤,9,0,0.0,0.488,0.512,0.6369,Positive
@sandhyasingh4096,Proud to be a Punjabi â¤,17,1,0.0,0.492,0.508,0.4767,Positive
@user-du4gz9sy1c,Time to reach this song at 1billionâ¤,2,0,0.0,0.845,0.155,0.0258,Positive
@shwetasharma168,What a great song,1,0,0.0,0.328,0.672,0.6249,Positive
@HindimashupsongS890,Good music ğŸ’¯ enjoy ğŸ„ğŸ’—ğŸ’“,1,0,0.0,0.247,0.753,0.7269,Positive
@shivampaliwal1932,Thanks Sandeep Vanga Ji for bringing this song to us and after knowing it&#39;s significance it feels even more powerful !!,291,2,0.0,0.675,0.325,0.8261,Positive
@Fukrainsaantelangu,THANKYOU GUYS FOR YOUR AMAZING SUPPORT..KEEP ENJOYING!ğŸ’“ğŸ’“,0,1,0.0,0.595,0.405,0.6239,Positive
@ashishdhandharia198,The music peaksfrom 0.30 to 0.36 along with Ranbir hanging the person with Axe.. have never seen such amazing directions and action and expressions,4,0,0.118,0.882,0.0,-0.4717,Negative
@leelahillier5790,Wow â¤ goosebumps â¤â¤now thatâ€™s Punjabi song,2,0,0.0,0.568,0.432,0.5859,Positive
@SinCLaiROp487,Deadly movie â¤,0,0,0.0,1.0,0.0,0.0,Neutral
@vijaysawrajbhangu1438,"Only Southern director can create this magic ,cause these people always remains attached with the pure Indian culture. â¤",888,24,0.0,0.89,0.11,0.2732,Positive
@shivamvijayvargiya3242,100 million complete ğŸ’¯ğŸ‰â¤,6,0,0.0,1.0,0.0,0.0,Neutral
@FarEast08,If only Sidhu moose wala also had a song for animal soundtrack ğŸ”¥,8,0,0.0,1.0,0.0,0.0,Neutral
@cheguevara__14,This song given different elevation to the interval bang ğŸ”¥,2,0,0.0,1.0,0.0,0.0,Neutral
@workhome7145,"We Bangladeshi also love panjabi, this song is so dope, it almost made  me to wear a turbine, jai panjabi â¤ swag on next level ğŸ”¥ğŸ”¥",4,0,0.0,0.846,0.154,0.6369,Positive
@thespecialone1024,"Where to deduct marks? The singer, composer, actor, director and the entire team has nailed it beyond expectationsğŸ’¯ğŸ",292,3,0.0,1.0,0.0,0.0,Neutral
@gulbhantejha3910,Legends know the historical factor of this song ğŸ—¿.,1,0,0.0,1.0,0.0,0.0,Neutral
@draculagaming6367,this song ğŸ”¥ğŸ”¥ğŸ”¥,0,0,0.0,1.0,0.0,0.0,Neutral
@pramodprasad6024,"This part <a href=""https://www.youtube.com/watch?v=zqGW6x_5N0k&amp;t=167"">2:47</a> and this part â¤ğŸ˜‚<a href=""https://www.youtube.com/watch?v=zqGW6x_5N0k&amp;t=174"">2:54</a> so good",0,0,0.0,0.709,0.291,0.625,Positive
@dilpreetaulakh8219,One Punjabi song made the entire film super hit I am proud to be Punjabi â¤,1,1,0.0,0.632,0.368,0.7906,Positive
@vedant_vlogs.,It&#39;s Punjabi masterpiece â¤,5,0,0.0,0.328,0.672,0.6249,Positive
@lataplatap9740,Goosebumps!!! Hope we get more songs from Bhupinder sir. What a soul touching voiceâ€¦ too goodâ€¦,309,1,0.0,0.788,0.212,0.5826,Positive
@vikastiwari6622,Finally a song from bollywood is on a repeat mode..your efforts are appreciated..,0,0,0.0,1.0,0.0,0.0,Neutral
@ssingh5653,Thanks to Bollywood for finally respecting Punjabis/Sikhs!,3,0,0.0,0.439,0.561,0.75,Positive
@Kishorekumar-nn5sy,Loved Punjabi song from Tamilnadu ğŸ‰,5,0,0.0,0.506,0.494,0.5994,Positive
@ShankarKamar-kx3pb,Next level â¤ğŸ˜®,1,0,0.0,1.0,0.0,0.0,Neutral
@SS-vn3ib,"Everyone commenting about the film director, please acknowledge the Music Composer &amp; Singer, Chorus efforts.. this is a pure Magic song.. I heard 100 times in 4 day&#39;s.  I&#39;ve been waited from past 4 months.. <br>The film director Sandeep Reddy vanga hometown is Warangal district, Telangana state [bank colony] my neighbour .. great work director Sir",280,1,0.0,0.887,0.113,0.7506,Positive
@Rajankumar-yu2ex,Legend song of the history,2,0,0.0,1.0,0.0,0.0,Neutral
@MASTERking836,THIS SONG ALL TIME EVERYONE FAVOURITE ğŸ˜Šâ¤,0,0,0.0,1.0,0.0,0.0,Neutral
@Johna_Sidhu,Imagine this song in Sidhu voice ğŸ”¥ğŸ’¯,4,0,0.0,1.0,0.0,0.0,Neutral
@aotlovers9721,"The craziest movie i Ever seen in my life... that dialogue of alpha male directly attacked my heart because i am not one... Who is alpha ğŸ˜… and it would have affected to many ones like me who desires to be alpha but not in actuality...<br>The actions , the dialogues , the bonding, the personalities of both booby and Ranbir in movie is Descriptionless , and wordless...<br>Simply Masterpiece",2,0,0.064,0.828,0.108,0.7184,Positive
@AbhinavBGOfficial,New song added to PlaylistğŸ”¥ğŸ”¥,1,0,0.0,1.0,0.0,0.0,Neutral
@Saleojaw,"Addicted... Even if you are not listening to this song, it keeps running behind in your mind.. what a voice and the swag of Ranbir... Blockbuster written all over",385,0,0.0,0.874,0.126,0.5994,Positive
@arsalankhan5685,This song made me proud of being a Punjabi even tough I&#39;m not Punjabi,0,0,0.096,0.705,0.199,0.3818,Positive
@pradeepchoudhary8265,AmazingğŸ˜,1,0,0.0,1.0,0.0,0.0,Neutral
@hammadulhassan8531,This is the greatest Punjabi Song I have ever heard!,4,0,0.0,0.64,0.36,0.6696,Positive
@user-ot5lx8mh7x,ğŸ”¥ğŸ”¥ğŸ”¥,1,0,0.0,1.0,0.0,0.0,Neutral
@y3ksubroto,"Whenever I am listening this song, its giving me goosebumps even though I don&#39;t understand 95% of the words.......this is power of good music......",295,6,0.0,0.791,0.209,0.6486,Positive
@anonpolymath8496,"Can we have Lord Bobby back in Animal Park? <br>If Ranbir has been cloned, then Lord Bobby could also be cloned. We will get to see Lord Bobby again. <br>I have a good script about this.",7,1,0.0,0.921,0.079,0.4404,Positive
@punjabsingh2552,"Arjun velly was real person who was born around 18s and die in 1968 and he fought with dakuâ€™s who use to come rob villagers ,he even fought with British officers when they was hurting poor people. Gandasi was his weapon .",4,0,0.372,0.628,0.0,-0.959,Negative
@rattandusad3140,This song was sung by gurunanak ji when they were in fight with someone â¤,0,1,0.167,0.833,0.0,-0.3818,Negative
@sunilarya1675,All Punjabi performed very well in animal ğŸ˜‡,4,0,0.0,0.715,0.285,0.3384,Positive
@user-bl4vj5yh2i,I watched this song and always proud feel â¤ğŸ˜Š,0,0,0.0,0.693,0.307,0.4767,Positive
@aayushkolhatkar6104,"Remembering the most fiercest fighter of 19th century Shri Shri Shri Arjan Singh Nalwa... ğŸ™ğŸ¼ğŸ™ğŸ¼, And the lyrics are exactly depicts and fit to the Ranbir&#39;s fighting sequence, the Gandaasa warriorğŸ”¥ğŸ”¥, I had goosebumps all along when I was watching this in the movie on theatre ğŸ”¥ğŸ”¥, Exceptional work Sandeep Reddy Vanga, expecting more to come ASAPğŸ™ŒğŸ¼ğŸ™ŒğŸ¼",648,22,0.042,0.883,0.074,0.2212,Positive
@Kritikarathor695,This song giving me energy ğŸ‰,1,0,0.0,0.4,0.6,0.5423,Positive
@disiscutie,Getting goosebumps<br>ğŸ™Guru Gobindsinghji,0,0,0.0,1.0,0.0,0.0,Neutral
@rockyravi8060,Goosebumps ğŸ’¥ğŸ’¥ğŸ’¥ğŸ’¥ğŸ‘¿,1,0,0.0,1.0,0.0,0.0,Neutral
@engineersvlog3886,Ranbir Kapoor nailed it ğŸ”¥ğŸ”¥ğŸ”¥,1,0,0.0,1.0,0.0,0.0,Neutral
@JohnWick-pp4uy,This song with axe fight was one hell of experience ğŸ”¥ ğŸ”¥,0,0,0.551,0.449,0.0,-0.8225,Negative
@Harishsharma-kh7rj,When I watched this song I really raised goosebumps...the song is real definition of Animal movie... I praise entire team of movie &amp; also the song creatorsğŸ‰ğŸŠ,313,1,0.0,0.865,0.135,0.5574,Positive
@arokiyanathand8118,Being a Half Tamil ....Half Telugu.....i just Love to Hear Punjabi song........after a long time... hearing a Raw Punjabi song Archan valley ğŸ”¥ğŸ”¥ğŸ”¥â¤â¤â¤ ğŸ’•ğŸ’•ğŸ’•ğŸ˜˜ğŸ˜˜ğŸ˜˜,3,0,0.0,0.826,0.174,0.6369,Positive
@pavitarsinghgrewal9006,Finally crossed 100 m viewsâ¤â¤,0,0,0.0,1.0,0.0,0.0,Neutral
@surigaming03,best acting I ever seen by Ranbir â¤,1,0,0.0,0.543,0.457,0.6369,Positive
@Aspirant_001,"I think this movie will again win our hearts with  its action, drama,story and song too....this will reboost the curiosity of Bollywood and Hindi movie fans too.â¤â¤â¤â¤â¤",223,1,0.0,0.868,0.132,0.5859,Positive
@user-ef6lx5gm4g,Fire ğŸ”¥ scene in the movie <br>And the song also ğŸ”¥<br>Love from Kerala ğŸ™ŒğŸ¼,2,0,0.167,0.833,0.0,-0.34,Negative
@r.euginesushilkumar8488,Great Vibes after listening to this number. Love from Delhi â¤â¤â¤â¤,0,0,0.0,0.453,0.547,0.8649,Positive
@akhileshpradeep1354,The best song in the entire movie,1,0,0.0,0.588,0.412,0.6369,Positive
@sachinankalagi3455,I â¤love panjabi songs. ğŸ‘Œ,1,0,0.0,1.0,0.0,0.0,Neutral
@Shaheedsar,Gem of Panjabi Folk now shining bright all over the world.Big thanks to the team of this Movie. This song is going to stay forever â™¾ï¸. Bhupinder Babbal is legend.,320,0,0.0,0.828,0.172,0.7003,Positive
@ayushtoppo701,After watching Animal I&#39;m definately going to buy blue suit piece â¤,0,0,0.0,1.0,0.0,0.0,Neutral
@AdityaSharma-fk1ef,Who loved Bobby in abrar&#39;s role â¤,3,0,0.0,0.562,0.438,0.5994,Positive
@hiphopstyle1863,Nice beat â¤â¤,1,1,0.0,0.417,0.583,0.4215,Positive
@kamaljitkour4358,love the song,3,0,0.0,0.323,0.677,0.6369,Positive
@TheImranbergi,Awesome movieâ€¦Thanks Sandeepâ€¦.,0,0,0.0,0.328,0.672,0.6249,Positive
@kapilgulati,"There is a type in Punjabi folk music â€˜Dhaadi Vaarâ€™. Dhadi is a musical instrument shaped like a damru, by playing which these songs are sung. In these songs, warriors are glorified and stories of bravery related to war are narrated. Those who sing songs are also called Dhadi and in Punjabi folk songs, there are many popular groups of people singing these songs i.e. â€˜Dhaadi Jathaâ€™.",272,5,0.052,0.768,0.18,0.8271,Positive
@VeinsFC,"I could listen to this anthem all day and get energized,I am a Bengali though and i partially understand punjabi...",1,0,0.0,1.0,0.0,0.0,Neutral
@tamilmovie1994,I&#39;m from TamilNadu but I like this song â¤,3,1,0.0,0.649,0.351,0.5023,Positive
@sunilbaliga8109,"From karnataka , but loved it â¤",1,0,0.0,0.428,0.572,0.7469,Positive
@itsviren_,Let&#39;s bow down to the supremacy or MANAN BHARDWAJ the man behind this great music ğŸ¤ŒğŸ»â¤ï¸ğŸ”¥ğŸ’¥,1,0,0.0,0.697,0.303,0.7248,Positive
@hawarnakhchervan7714,"One of the best movie ever , i am waiting  for part 2",0,0,0.0,0.682,0.318,0.6369,Positive
@anmolbhatia9707,"Waiting for this song to play in the theatre,will be a goosebumps momentâ¤",214,3,0.0,0.821,0.179,0.34,Positive
@m.sudharsanmadhav9155,First time: Didn&#39;t understand<br>Second time: Okay lets&#39; listen again<br>Third time: Started to get addicted<br>Beautiful pujabi song. Love from TamilnaduğŸ”¥ğŸ”¥ğŸ”¥,3,0,0.0,0.736,0.264,0.7269,Positive
@funwithpeacelove6815,"Love this , Sadi Maa boli Punjabi , Sadi Rouh which Shamil ha . Thank you for this song , everyday I Trawel   Bahrain to Saudi and listen this song more then 50 times . Love you â¤",0,0,0.0,0.67,0.33,0.9231,Positive
@mithileshjha2561,Excellent ğŸ‘ŒğŸ‘Œ,1,0,0.0,0.213,0.787,0.5719,Positive
@Himanshux1111,Ranbir killed it ğŸ”¥ğŸ”¥,1,0,0.6,0.4,0.0,-0.6705,Negative
@funny-emotional,Love from Dubai. Punjabi song is the world best song. I never understand the lyrics but the music is awesome. Always love punjabi song. â¤ï¸â¤ï¸â¤ï¸â¤ï¸,1,1,0.0,0.546,0.454,0.9562,Positive
@ranbirrandhawa1865,First time in a Hindi movie a Punjabi folk warrior song is rocking. <br>Only a son of soil can understand the true meaning of lyrics. <br>I donâ€™t think the new generation of even Punjab understands the cultural and historical significance of the song. <br>Regards,431,9,0.0,0.888,0.112,0.5994,Positive
@anssmahmood5013,"<a href=""https://www.youtube.com/watch?v=zqGW6x_5N0k&amp;t=66"">1:06</a> Amazing part â¤",1,0,0.0,0.441,0.559,0.5859,Positive
@maitreyajambhulkar,This song is very inspiring. Roz sunynga main yeh.,2,0,0.0,0.721,0.279,0.4754,Positive
@kiransamra1314,Love the film evenâ¤â¤,1,0,0.0,0.417,0.583,0.6369,Positive
@jeronpaul3692,I&#39;m from Kerala and I loved this music ğŸ˜®â€ğŸ’¨,1,0,0.0,0.642,0.358,0.5994,Positive
@smiteshj2664,What a great acting Ranbeer.John wick movie ki yaad dila dii.â¤ï¸â¤ï¸,0,0,0.0,0.687,0.313,0.6249,Positive
@kumarm0737,Watched this movie in theatre first show and trust me. Don&#39;t want you to miss this experience it elevates the scence to next level and goosebumps. True punjabi song.,268,1,0.047,0.735,0.218,0.7003,Positive
@mkishore3920,Wow what a song.. check your  testosteron levels after its completion... what a vibe.. not getting meaning of even single line.. but still.. please post the translation..,0,0,0.0,0.811,0.189,0.6542,Positive
@sumanmandal867,Vibes ğŸ’¯,0,0,0.0,1.0,0.0,0.0,Neutral
@GOATAryan999,This song have a special feeling.â¤ï¸â¤ï¸,1,0,0.0,0.597,0.403,0.4019,Positive
@letssimplifyit1412,The music ... The vibe ... The goosebumps .... The masterpiece. ğŸ”¥,22,0,0.0,0.709,0.291,0.6249,Positive
@simpledudes1966,I LOVE THIS SONG,1,0,0.0,0.323,0.677,0.6369,Positive
@garry_hundal7769,First time Punjabi song in a Bollywood movie without corruption ğŸ‰â¤,833,17,0.0,1.0,0.0,0.0,Neutral
@Raj_02_07,Voice is lions sound â¤,1,0,0.0,1.0,0.0,0.0,Neutral
@ravikumar2000,"Used full veer rash type folk song,<br>What a genius director ğŸ‘ğŸ‘",1,0,0.231,0.769,0.0,-0.4019,Negative
@ShekharMehndole.,Ranbir Kapoor All Films Gives Different Types Of Masterpiece Songsâ¤â¤<br>That&#39;s Why Ranbir is My Favourite actor â¤â¤,1,0,0.0,0.796,0.204,0.6249,Positive
@Thelordpjcircketofficial,Love this songâ¤,3,0,0.0,0.323,0.677,0.6369,Positive
@subbunittala2012,Telugu always respects hindi and other indian languages,4,1,0.0,0.753,0.247,0.3182,Positive
@mrnobodyman409,As a telugu guy proud of sandeep reddy vanga a telugu director given a importance to panjabiâ¤,185,3,0.0,0.682,0.318,0.6808,Positive
@samgaming1138,such great cars used in this movie â¤,0,0,0.0,0.594,0.406,0.6249,Positive
@mukundagarwal1131,I am Marwadi but still I love this Punjabi song,1,0,0.0,0.547,0.453,0.7783,Positive
@sytajeshwarsingh4518,Waheguru ji ka Khalsa waheguru ji ki Fateh ğŸ™ğŸ™,3,0,0.0,1.0,0.0,0.0,Neutral
@atoz9514,Punjabi feel proud of this song,4,0,0.0,0.617,0.383,0.4767,Positive
@sanjaysamota4398,Nice song hai â¤â¤â¤,3,0,0.0,0.517,0.483,0.4215,Positive
@akankshakonda7145,"This is song has a great energy in it.<br>Being a telugite i could not understand the lyrics , but i could feel the intensity of the song.<br>Dear punjabi friends your music is top notch , even though we dnt understand lyrics me and my friend&#39;s enjoy punjabi music.",375,6,0.0,0.715,0.285,0.9294,Positive
@rohtashsaharan9993,Bhupinder babbal give this masterpiece to punjabi music ğŸ”¥ğŸ”¥ğŸ”¥ğŸ”¥ğŸ”¥,0,0,0.0,0.621,0.379,0.7073,Positive
@harpreetdharmsoth1092,Punjabi culture â¤ï¸,1,0,0.0,1.0,0.0,0.0,Neutral
@imRK.,à´‡à´¤à´¿à´¨àµà´±àµ† à´¤à´¿à´¯àµ‡à´±àµà´±àµ¼ à´à´•àµà´¸àµà´ªàµ€à´°à´¿à´¯àµ»à´¸àµ à´šàµà´®àµà´®à´¾ ğŸ‘ŒğŸ”¥ğŸ”¥,2,0,0.0,1.0,0.0,0.0,Neutral
@rohit60765,The backbenchers feel this song â¤â¤â¤â¤â¤â¤â¤,1,0,0.0,1.0,0.0,0.0,Neutral
@funnydubb9305,"Best BGM , Acting, Action What A Movie ğŸ”¥",5,0,0.0,0.543,0.457,0.6369,Positive
@sohilbelim6048,"<a href=""https://www.youtube.com/watch?v=zqGW6x_5N0k&amp;t=65"">1:05</a> Pure Goosebumps ğŸ˜ğŸ”¥ğŸ”¥ What a composition, hats off to all the artist who are heart of this energetic track... Punjabi music at his best.. ğŸ”¥ğŸ”¥ğŸ”¥",290,2,0.0,0.881,0.119,0.5228,Positive
@Sonamsolanki2,I&#39;m love with this song awesome superb ever â¤â¤â¤,0,0,0.0,0.326,0.674,0.9246,Positive
@mr_Chinnu_18,Theatres are going to be blasted for this song ğŸ”¥ğŸ’¥,5,0,0.0,1.0,0.0,0.0,Neutral
@ghousbhai6711,i love this song,0,0,0.0,0.323,0.677,0.6369,Positive
@shihabmohammadshibly704,&quot;Arjan vallley ne pair jod ke gandasi maari&quot;<br><br>Meaning: <br>Arjan Valley put his feet together and hit the axe with force<br><br>This song is dedicated towards the scene where Ranbir fights all the goons with axe.,2,0,0.143,0.779,0.078,-0.128,Neutral
@shihabmohammadshibly704,&quot;Arjan vallley ne pair jod ke gandasi maari&quot;<br><br>Meaning: <br>Arjan Valley put his feet together and hit the axe with force<br><br>This song is dedicated towards the scene where Ranbir fights all the goons with axe.,1,0,0.143,0.779,0.078,-0.128,Neutral
@Rizwan_Shariff,Punjabi â¤songs are like instant energy drinks,0,0,0.0,0.521,0.479,0.5574,Positive
@aaditya503,I can&#39;t really describe it but this genre of music always feel like last period of a great day full of energyğŸ‡®ğŸ‡³â™¥â™¥,137,1,0.0,0.669,0.331,0.872,Positive
@prakashcspachan1067,Superrr musiccâ¤â¤,0,0,0.0,1.0,0.0,0.0,Neutral
@kamlakashyap4080,I love this song ğŸ˜ğŸ˜,0,0,0.0,0.417,0.583,0.6369,Positive
@abishekcalicut1776,Big fan sir â¤,0,0,0.0,0.465,0.535,0.3182,Positive
@ashwanisharma6257,Beautiful song â¤ï¸â¤ï¸,2,0,0.0,0.339,0.661,0.5994,Positive
@manjeetspawar7373,Most ROARING ğŸ¯ SONG. â¤â¤â¤â¤<br>WARRIOR SONG â¤â¤â¤â¤,1,0,0.0,1.0,0.0,0.0,Neutral
@gauravkshirsagar3552,Goosebumps! This is what we expect from punjabi music,398,6,0.0,1.0,0.0,0.0,Neutral
@atulkashyap7,No one&#39;s Fan here But I Love â¤ this SonGğŸ˜‡ğŸ˜ˆğŸ‘Œ,1,0,0.114,0.356,0.53,0.7814,Positive
@Anushka_Manchanda,"Punjabi always rock<br>Because of this song , movie is hit",0,0,0.0,1.0,0.0,0.0,Neutral
@user-tk9yu3nj1n,Nice ğŸ‘ğŸ‘ğŸ‘ğŸ‘,1,0,0.0,0.263,0.737,0.4215,Positive
@user-vk8wn4op1y,Nice song â¤,0,0,0.0,0.263,0.737,0.4215,Positive
@arindamghosh6267,"This song is nomination for Oscar award, Oscar award Pana chahiye,<br>Outstanding song",1,0,0.0,0.588,0.412,0.7906,Positive
@speakingtree2385,"Goosebumps. ğŸ”¥ğŸ”¥ Regional Director can better sense, value and feel the regional folklore and presents like this. Kudos to the Telugu Director, Vanga Sandeep Reddy for using Punjabi folklore song at right place in the movie ğŸ’Œ",332,0,0.0,0.733,0.267,0.8928,Positive
@user-qw3jj4lg4j,What a goosebump song yarr ğŸ‰ğŸ˜¢,0,0,0.0,1.0,0.0,0.0,Neutral
@hafijashikha9316,Want to dance in all <br>marriage occasion on this songğŸ‰,0,0,0.0,0.874,0.126,0.0772,Positive
@arjunchhetri7,I love the sound yrrğŸ’ğŸ’–,0,0,0.0,0.417,0.583,0.6369,Positive
@ManishKhadiya-ce2pm,ğŸ¤©ğŸ¤©ğŸ¤©ğŸ¤©ğŸ¤©â£ï¸â£ï¸â£ï¸â£ï¸ i Am from gujrat....nice my heart tuch songs......â¤â¤â¤â¤â¤â¤â¤â¤â¤â¤â¤â¤â¤â¤â¤â¤â¤â¤â¤â¤â¤â¤â¤â¤â¤â¤â¤â¤â¤â¤â¤â¤â¤â¤â¤â¤â¤â¤â¤â¤â¤â¤â¤â¤â¤â¤,1,0,0.0,1.0,0.0,0.0,Neutral
@TOXICOLOGY980,I was never a ranbir Kapoor fan but as a Punjabi this song and this movie blew my mind love it,219,9,0.064,0.687,0.249,0.7445,Positive
@Chirag-gc2ne,Precious â¤,1,0,0.0,0.0,1.0,0.5719,Positive
@vineetparu,Well written songâ¤,2,0,0.0,0.488,0.512,0.2732,Positive
@devamsihag1037,That&#39;s superbğŸ‰ğŸ‰ğŸ˜‚ğŸ˜‚ğŸ˜‚â¤,1,0,0.0,1.0,0.0,0.0,Neutral
@gyanprakashyadav2055,I love â¤â¤ Indian culture,0,0,0.0,0.417,0.583,0.6369,Positive
@sankobkoushik8554,Love from Assam â¤â¤â¤,0,0,0.0,0.417,0.583,0.6369,Positive
@ManpreetKaur-to6vi,Nice video! So good to see Sikh veere! Thanks to the entire Animal team for recognizing and bringing Sikh brothers to this frame / video / movie. Lots of love from Germany â¤,304,5,0.0,0.655,0.345,0.9284,Positive
@jassieesekhon4152,à¨¬à¨¹à©à¨¤ à¨¸à©‹à¨¹à¨£à¨¾ à¨—à©€à¨¤ â¤ğŸ‰,0,0,0.0,1.0,0.0,0.0,Neutral
@gursawaksingh5927,Great song,1,0,0.0,0.196,0.804,0.6249,Positive
@bagadaprakash34,Outstandingâ¤â¤â¤â¤â¤ğŸ‰ğŸ‰ğŸ‰,0,0,0.0,1.0,0.0,0.0,Neutral
@narayanan83,Song sound like sung by a LION ğŸ”¥ğŸ”¥ğŸ”¥,1,0,0.0,0.706,0.294,0.3612,Positive
@iamgorsi1632,Proud to be PANJABI,1,0,0.0,0.492,0.508,0.4767,Positive
@raghuvindrasaini7386,Goosebumps and Tribute to all Sikh WarriorsğŸ«¡ğŸ«¡ğŸ«¡ğŸ«¡,619,19,0.0,1.0,0.0,0.0,Neutral
@suvarnashirge7125,Punjabi always rock<br>ğŸ‘,1,0,0.0,1.0,0.0,0.0,Neutral
@lovelydogpet,As a Punjabi...felling like a king,0,0,0.0,0.545,0.455,0.3612,Positive
@user-lf3yv5br7b,Very good song,2,0,0.0,0.385,0.615,0.4927,Positive
@moto_kid53moto_kid81,Punjabj folk ğŸ”¥ amazed from kerala love â¤â¤â¤ love moreee,2,0,0.0,0.341,0.659,0.9118,Positive
@rammnikkaur1329,What a song,0,0,0.0,1.0,0.0,0.0,Neutral
@gagankapoormb,"Real punjabi song always gives you goosebumps ,Being a punjabi ,thats what we call real punjabi song with folk music. RK is most suitable for this song with superb acting",203,0,0.0,0.872,0.128,0.6249,Positive
@rohanrouth663,â¤â¤â¤â¤â¤â¤one month complete this song ğŸ”¥ğŸ”¥ğŸ”¥ğŸ”¥ğŸ”¥ğŸ”¥ğŸ”¥ğŸ”¥ğŸ”¥,4,0,0.0,1.0,0.0,0.0,Neutral
@cheetahrevolutiongaming1729,This Song shows The Power of Shri Guru Govind Singh and His 4 sons â¤â€ğŸ”¥â¤â€ğŸ”¥Very Powerful Punjabi Song ğŸ’ªJai Hind,15,0,0.0,0.865,0.135,0.4215,Positive
@fanOartofkfoOfInsta,"<a href=""https://www.youtube.com/watch?v=zqGW6x_5N0k&amp;t=8"">00:08</a> it begans becoming â¤ï¸â€ğŸ”¥",1,0,0.0,1.0,0.0,0.0,Neutral
@shivanithakur2185,Punjabi vibes in Bollywood ğŸ‰,2,0,0.0,1.0,0.0,0.0,Neutral
@maheshkochra3117,â¤â¤ğŸ˜Š,0,0,0.0,1.0,0.0,0.0,Neutral
@invincible6672,After listening this song in the theatre the energy get doubled when audience have the same vibes as you do. ğŸ”¥ğŸ”¥â¤ï¸ Loved it totally!,317,1,0.0,0.778,0.222,0.7424,Positive
@mihirkumar2887,CANT WAIT TO WATCH THIS,0,0,0.0,1.0,0.0,0.0,Neutral
@smartfoods8470,This song is so good ğŸ‘â¤â¤,1,0,0.0,0.707,0.293,0.4404,Positive
@smartfoods8470,Too good song â¤l have ever had â¤â¤â¤,1,0,0.0,0.707,0.293,0.4404,Positive
@payal7479,Now this is what we want,0,0,0.0,0.794,0.206,0.0772,Positive
@FebiAju,I don&#39;t understand the language but still listening â¤â™¥ï¸,0,0,0.0,1.0,0.0,0.0,Neutral
@bawaditta2084,Arjan vaily all time favourite song<br>â¤â¤â¤â¤â¤â¤â¤â¤â¤â¤<br>Love you all animal team<br>Thanks for such entertainment,5,0,0.0,0.811,0.189,0.4215,Positive
@tymmetry2787,The amount of adrenaline rush that this Punjabi verse produces is immense to the core. The same amount of feeling that I&#39;ve felt before with a particular song was Thuninju Vettuven from the movie Ratha Sarithiram.â¤ï¸â€ğŸ”¥<br><br>Feel the power of the Punjabi verse.ğŸ”¥,170,0,0.0,0.964,0.036,0.128,Positive
@user-vh7wg3iw5i,Proud ur acting ranbir sir â¤â¤â¤,2,0,0.0,0.617,0.383,0.4767,Positive
@sushanbarnwal9391,Song is ğŸ”¥ ğŸ¤—,0,0,0.0,1.0,0.0,0.0,Neutral
@tgffkiran8174,Background music superâ¤,0,0,0.0,1.0,0.0,0.0,Neutral
@abhijeetdas5375,Salute to all the Sikh Gurus who sacrificed their lives to save Sanantan Dhrarma,0,0,0.0,0.802,0.198,0.4939,Positive
@utube.shorts_new,â¤â¤â¤,0,0,0.0,1.0,0.0,0.0,Neutral
@user-xu7qv8uc4j,I always thought that this was just a snippet when the teaser came out. This will be pure goosebumps if played at the big screen.,114,3,0.079,0.827,0.094,0.1027,Positive
@SiddharthKhasyap,On loop baba ğŸ”¥ğŸ”¥,1,0,0.0,1.0,0.0,0.0,Neutral
@reenaskitchen7682,Great punjabi song â¤â¤â¤,2,0,0.0,0.423,0.577,0.6249,Positive
@Mallu_night_owl,My Spotify is asking me why are you playing this song in a loop? They says I&#39;m playing this song for the last two two days more.,3,0,0.0,0.87,0.13,0.3818,Positive
@smartgameing1453,This is song my best â¤,1,0,0.0,0.488,0.512,0.6369,Positive
@user-gj5ub6xo1y,Very nice ğŸ‘ğŸ‰,1,0,0.0,0.393,0.607,0.4754,Positive
@83neelesh,"The Indian team should listen to this song before taking on the Australian team before starting the cricket finals. Full goosebumps and energetic , ho gayi ladai bhari.",282,11,0.0,0.9,0.1,0.4404,Positive
@igationsdrum,felt da &quot;immediacy&quot; rhythm soooooo &quot;HYPOTHETICALLY&quot; strong ğŸ”¥<br>P.S / juz&#39; liked da &quot;track&quot; nothin&#39; related to a movie or a wounded feminity masculinity ğŸ˜,0,0,0.0,0.747,0.253,0.7269,Positive
@user-oc2db3tx9o,ğŸ˜ŠğŸ˜ŠğŸ˜Špowerful song Arjun velly,0,0,0.0,1.0,0.0,0.0,Neutral
@devanandsharma5764,Very nice motivation song,2,0,0.0,0.257,0.743,0.6976,Positive
@ramamoorthy1000,I am from tamilnadu I don&#39;t know even a single line meaning but I love the Punjabi song Punjabi rocksâ¤â¤â¤â¤â¤â¤,2,1,0.0,0.721,0.279,0.7783,Positive
@samsadkhan5308,ğŸ”¥ğŸ”¥ğŸ”¥ğŸ”¥ğŸ”¥ agg lga di,2,0,0.0,1.0,0.0,0.0,Neutral
@bikramjeet08,Thank God they kept the lyrics intact!  Goosebumps!,136,0,0.0,0.417,0.583,0.717,Positive
@Divya-om7pp,This song is magic....ğŸ”¨âš”ï¸,2,0,0.0,1.0,0.0,0.0,Neutral
@HarshThakur0001-ns3rn,Good song â¤ğŸ˜…,1,0,0.0,0.408,0.592,0.4404,Positive
@devashish44,"Ranbir for the Oscar! Especially the first half - step aside Hanks, Diâ€™Caprio, Denzel. Oscar needs to go to Ranbir Kapoor, also now Hon Ranbir Singh!",0,0,0.0,1.0,0.0,0.0,Neutral
@dakshjuneja1496,â¤â¤,0,0,0.0,1.0,0.0,0.0,Neutral
@prajuditheentertainer173,I am Marathi and kattar maratha ...but this song motivates me ...luv ğŸ’ u my fav sikh Bros ğŸ‡®ğŸ‡³ğŸ‡®ğŸ‡³ğŸ‡®ğŸ‡³ğŸ‡®ğŸ‡³ğŸ‡®ğŸ‡³â¤ï¸â¤ï¸â¤ï¸â¤ï¸,2,0,0.0,0.833,0.167,0.4588,Positive
@vamshikrishna8632,Super song ğŸ‘ŒğŸ”¥ğŸ”¥,1,0,0.0,0.339,0.661,0.5994,Positive
@user-yg4po2te7u,PUNJABIS AND PUNJAB&#39;s music is NUMBER 1 ONE IN THE WORLD,2,0,0.0,0.816,0.184,0.2577,Positive
@eliterahulff,Finally Bollywood are showing the full potential of our Sikh brothersâ¤ Hindu â¤ Sikh bhai bhai,1,0,0.0,1.0,0.0,0.0,Neutral
@dvbatista03,This song is awesome,2,0,0.0,0.423,0.577,0.6249,Positive
@inderoberoi3605,Awesome voice of sardar bhupinder babbal Singh ji and Tribute to all Sikhs warriors this song made goosebumps Hats off â¤â¤â¤,222,0,0.0,0.83,0.17,0.6249,Positive
@user-vf1sg5tt8x,Nice song â¤,1,0,0.0,0.263,0.737,0.4215,Positive
@lovepeace2049,"As a punjabi, that chak oye really gives energyğŸ˜ğŸ”¥",0,0,0.0,1.0,0.0,0.0,Neutral
@ZainulSaiyed22,ğŸ”¥ğŸ”¥ğŸ”¥ğŸ”¥,1,0,0.0,1.0,0.0,0.0,Neutral
@rajivprashar2161,Nice song â¤,1,0,0.0,0.263,0.737,0.4215,Positive
@nitish2732,Listen this song every day <br>To much energeticâ¤â¤,1,0,0.0,1.0,0.0,0.0,Neutral
@monish007hyd,"This Song is &quot;Piercing my Nerves with Energy&quot;<br>Just, this one song is Enough...!!! to watch Animal movie, No matter to movie success.<br>Pride of my fellow Punjab brothers. <br>Proud of our telugu Director Sandeep Reddy Vanaga.",167,0,0.119,0.852,0.029,-0.5229,Negative
@meerarathour9621,"What a song loved the authentic Punjabi vibes which i was missing from a decade Tired of same songs on same beat and same showoff with guns, cars,kudi and drugs Thank you very very much playing on repeat and very emotional for the tribute to our hero Arjan singh Nalwa youth must read about him youâ€™ll be proud to know who he was and who Hari singh Nalwa wasğŸ™ğŸ»",9,0,0.063,0.721,0.216,0.9049,Positive
@LordLaavineshNithianandan,ğŸ’¥ğŸ’ªğŸ¾ğŸ‘‘ as a Thamizhan I can sense the British fear without their guns,0,0,0.242,0.758,0.0,-0.4939,Negative
@teenapankaj5353,EnthusiasticğŸ¥µğŸ”¥,0,0,0.0,1.0,0.0,0.0,Neutral
@user-dg6pl2kq2j,great song,0,0,0.0,0.196,0.804,0.6249,Positive
@cashedge1,"Ranbir Kapoor deserves Film Fare as a best actor, I support this 100%.",2,1,0.0,0.566,0.434,0.7845,Positive
@Magnus5757,"A pure Punjabi Song, keeping it&#39;s cultural and folk integrity intact. Well done Sandeep Reddy Vanga, unlike Akshay Kumar, Aamir Khan and Ajay Devgan&#39;s joker appearances.",131,0,0.0,0.724,0.276,0.7184,Positive
@abhisheksen6122,Iâ€™m in love with this song ğŸ§. Just superb ğŸ‘Œ song.,1,0,0.0,0.491,0.509,0.8519,Positive
@user-oi8md3ty6w,My favourite song ğŸ‰ğŸ‰ğŸ‰â¤â¤â¤,0,0,0.0,1.0,0.0,0.0,Neutral
@sarvjeetdhaliwal664,Movie dehk krrr maje a gye â¤â¤,2,0,0.0,1.0,0.0,0.0,Neutral
@JatinKumar-tn9gb,This song is fire ğŸ§¨ğŸ§¨â¤ï¸â€ğŸ”¥â¤ï¸â€ğŸ”¥â¤ï¸â€ğŸ”¥â¤ï¸â€ğŸ”¥â¤ï¸â€ğŸ”¥,1,0,0.375,0.625,0.0,-0.34,Negative
@shahadatbijali4009,Nice songğŸ”¥,0,0,0.0,0.263,0.737,0.4215,Positive
@harsholic,I am not Ranbir&#39;s Fan But trust me..His Acting In this This Film will be a All time LegendğŸ’¯,219,8,0.071,0.717,0.213,0.6084,Positive
@VINAYAK.VINAYAK.,à²µà²¿à²¡à²¿à²¯à³‹ à²šà³†à²¨à³à²¨à²¾à²—à²¿à²¦à³† à²¸à²°à³ à²…à²¦à³à²¬à³à²¤ â¤ï¸ğŸ’ğŸ‘ğŸ¤—,1,0,0.0,1.0,0.0,0.0,Neutral
@sandeepbajwa,If siddhu would have sung this ! It would have been out of this world! RIP siddhu paaji,2,0,0.0,1.0,0.0,0.0,Neutral
@tales_in_pocket267,PROUD ON JAT community,3,0,0.0,0.439,0.561,0.5904,Positive
@thedeadline7709,Best Gym song of 2K23â¤,1,0,0.0,0.488,0.512,0.6369,Positive
@jeewssam8418,Telegu director bringing in Folk Punjabi music into mainstream...India Unites!!,2,0,0.0,1.0,0.0,0.0,Neutral
@arijitsinghmelodies2390,What a songğŸ”¥ğŸ”¥<br>Goosebumps guaranteed in theatres<br>Mass Ranbir Kapoor,100,9,0.0,1.0,0.0,0.0,Neutral
@Apsaraa-Rani,ğŸ§¡ğŸ¤ğŸ’šğŸ‡®ğŸ‡³ğŸ§¡ğŸ¤ğŸ’šâ„¢ï¸....ğğ¨ğ¥ğ¥ğ²ğ°ğ¨ğ¨ğ â£ï¸ğŸ’â£ï¸,0,0,0.0,1.0,0.0,0.0,Neutral
@Vivek_LALLA_2.0,I AM PROUD TO BE MASCULINE,1,0,0.0,0.563,0.437,0.4767,Positive
@altamashzain5839,Amazing Song Paa G&#39; â¤ğŸ‘ŒğŸ˜˜ Full Sidhu MooseWala da Swag ğŸ‡,1,0,0.0,0.703,0.297,0.5859,Positive
@vijayguru755,Jai Guru Arjan dev and Jai Arjan vaily,3,0,0.0,1.0,0.0,0.0,Neutral
@Singh_Harpreet001,Punjabi music on top in world..proud to be a sikhâ¤ï¸,174,8,0.0,0.816,0.184,0.2023,Positive
